=== CUDA Softmax Benchmark (Optimized, GPU-resident) ===
Variant, 1024, 2048, 4096, 8192, 16384, 32768, 65536, 131072, 262144, 524288, 1048576, 2097152, 4194304, 8388608, 16777216, 33554432, 67108864, 134217728, 268435456, 536870912, 1073741824
0, 1.18086, 0.01322, 0.01034, 0.01229, 0.01126, 0.01126, 0.01331, 0.01843, 0.02355, 0.04288, 0.07475, 0.13517, 0.25702, 0.49965, 0.98611, 1.95782, 3.90144, 7.78842, 15.56070, 31.10502, 62.22131
1, 0.03789, 0.01126, 0.01107, 0.01024, 0.01117, 0.01219, 0.01331, 0.01741, 0.02355, 0.04198, 0.07462, 0.13520, 0.25693, 0.49971, 0.98509, 1.95581, 3.89734, 7.78240, 15.56685, 31.21357, 62.41587
2, 0.02765, 0.01126, 0.01126, 0.01126, 0.01126, 0.01126, 0.01331, 0.01638, 0.02048, 0.03994, 0.06656, 0.11872, 0.22221, 0.43005, 0.84685, 1.68038, 3.34438, 6.68160, 13.34886, 26.68032, 53.34835
3, 0.02765, 0.01126, 0.01126, 0.01117, 0.01126, 0.01229, 0.01331, 0.01638, 0.02150, 0.03789, 0.06656, 0.12083, 0.23859, 0.44032, 0.86630, 1.71626, 3.42019, 6.83008, 13.64480, 27.28858, 54.54653
4, 0.02867, 0.01126, 0.01126, 0.01126, 0.01126, 0.01229, 0.01328, 0.01741, 0.02147, 0.03789, 0.06451, 0.11776, 0.22221, 0.43008, 0.84787, 1.68141, 3.35258, 6.69184, 13.36934, 26.72640, 53.44051
5, 0.02970, 0.01126, 0.01126, 0.01126, 0.01219, 0.01126, 0.01229, 0.01434, 0.01843, 0.04198, 0.06349, 0.11382, 0.21504, 0.42998, 0.82227, 1.62714, 3.23885, 6.46262, 12.91162, 25.81504, 51.61370
✅ GPU-resident benchmark completed successfully.
⏱️  Total runtime (end-to-end): 15134.005 ms
